Keyword,Importance
teach blueprint reading,0.21
teach blueprint,0.21
teach,0.21
somewhere along line,0.21
somewhere along,0.21
somewhere,0.21
reading autocad,0.21
reading,0.21
program somewhere along,0.21
program somewhere,0.21
perhaps program somewhere,0.21
perhaps program,0.21
line teach blueprint,0.21
line teach,0.21
blueprint reading autocad,0.21
blueprint reading,0.21
blueprint,0.21
along line teach,0.21
along line,0.21
along,0.21
perhaps,0.196
line,0.196
autocad,0.196
program,0.08
